{"files":{"index.html":{"frameworks":["nocodetheme-final","pg.svg.lib","pg.asset.manager","pg.project.items","pg.ia.lib","pg.code-validator","pg.image.overlay","pg.insight.events","pg.css.grid","pg.ia","wordpress.pinegrow","pg.html","pg.components"]},"category-employees.html":{"frameworks":["nocodetheme-final","pg.svg.lib","pg.asset.manager","pg.project.items","pg.code-validator","pg.insight.events","pg.image.overlay","wordpress.pinegrow","pg.css.grid","pg.html","pg.components"]},"404.html":{"frameworks":["nocodetheme-final","pg.svg.lib","pg.insight.events","wordpress.pinegrow","pg.css.grid","pg.image.overlay","pg.code-validator","pg.project.items","pg.asset.manager","pg.html","pg.components"]},"page.html":{"frameworks":["nocodetheme-final","pg.svg.lib","pg.insight.events","wordpress.pinegrow","pg.css.grid","pg.image.overlay","pg.code-validator","pg.project.items","pg.asset.manager","pg.html","pg.components"]},"single-employees.html":{"frameworks":["nocodetheme-final","pg.svg.lib","pg.asset.manager","pg.project.items","pg.insight.events","pg.code-validator","wordpress.pinegrow","pg.image.overlay","pg.css.grid","pg.html","pg.components"]},"single.html":{"frameworks":["nocodetheme-final","pg.svg.lib","pg.insight.events","wordpress.pinegrow","pg.css.grid","pg.image.overlay","pg.code-validator","pg.project.items","pg.asset.manager","pg.html","pg.components"]},"utilities.html":{"frameworks":["nocodetheme-final","pg.svg.lib","pg.insight.events","wordpress.pinegrow","pg.css.grid","pg.image.overlay","pg.code-validator","pg.project.items","pg.asset.manager","pg.html","pg.components"]},"employees.html":{"frameworks":["nocodetheme-final","pg.svg.lib","pg.asset.manager","pg.project.items","pg.code-validator","pg.insight.events","pg.image.overlay","pg.css.grid","wordpress.pinegrow","pg.html","pg.components"]},"archive-employees.html":{"frameworks":["nocodetheme-final","pg.svg.lib","pg.asset.manager","pg.project.items","pg.code-validator","pg.insight.events","pg.image.overlay","pg.css.grid","wordpress.pinegrow","pg.html","pg.components"]},"parts.html":{"frameworks":["nocodetheme-final","pg.svg.lib","pg.insight.events","wordpress.pinegrow","pg.css.grid","pg.image.overlay","pg.code-validator","pg.project.items","pg.asset.manager","pg.html","pg.components"]}},"open-pages":["index.html"],"urls":{"index.html":{"open-with-wrapper":false,"open-page-views":[{"w":1024,"h":0},{"w":480,"h":0}]},"css/theme.css":{"locked":true,"locked_reason":"The stylesheet is generated by the Design panel."},"page.html":{"open-with-wrapper":false,"open-page-views":[{"w":1024,"h":0}]},"single.html":{"open-with-wrapper":false,"open-page-views":[{"w":1024,"h":0},{"w":480,"h":0}]},"front-page.html":{"open-with-wrapper":false},"home.html":{"open-with-wrapper":false,"open-page-views":[{"w":1024,"h":0},{"w":480,"h":0}]},"archive.html":{"open-with-wrapper":false},"search.html":{"open-with-wrapper":false},"404.html":{"open-with-wrapper":false,"open-page-views":[{"w":1024,"h":0}]},"blocks.html":{"open-with-wrapper":false,"wrapper_url":"https://nocodetheme.adamlowe.io/contact/","wrapper_selector":"#content > div","open-page-views":[{"w":1024,"h":0}]},"customizer.html":{"open-with-wrapper":false},"utilities.html":{"open-with-wrapper":false,"open-page-views":[{"w":1024,"h":0}]},"parts.html":{"open-with-wrapper":false,"open-page-views":[{"w":1024,"h":0}]},"single-employees.html":{"open-with-wrapper":false,"open-page-views":[{"w":1024,"h":0}]},"category-employees.html":{"open-with-wrapper":false,"open-page-views":[{"w":1024,"h":0}]},"styleguide.html":{"open-with-wrapper":false},"style-demo.html":{"open-with-wrapper":false,"open-page-views":[{"w":1024,"h":0}]},"employees.html":{"open-with-wrapper":false,"open-page-views":[{"w":1024,"h":0}]},"archive-employees.html":{"open-with-wrapper":false,"open-page-views":[{"w":1024,"h":0}]}},"active-design-provider":"plainhtml","wp-theme-info":{"dir":"${nocodetheme_folder}","name":"No Code Theme","slug":"nocodetheme","url":"${nocodetheme_url}","project_version":"0.0.274","auto_increment_version":"1","page":"index.html","wpseo":"true","wpjquery":"false","generator":"true","images":{},"blocks_type":"native-auto","pg_version":"7.2","blocks_editor_styles":["css/theme.css","css/editor.css","css/blocks.css"],"project_type":"theme","blocks_inline_svg":"false","wc_enabled":"false"},"source-project-url":"https://tutorial_new_html","wp-insight":{"menus":["primary","social"],"taxonomies":["category","departments","post_tag"],"customizer_sections":["company_information","social_links"],"customizer_controls":["contact_info","facebook_link","instagram_link","linkedin_link","logo_light","tiktioc_link","twitter_link","youtube_link"],"post_types":["attachment","contact_form","employees","page","post"],"template_parts":["template-parts/pagination","template-parts/sidebar","template-parts/social-icons"],"sidebars":["company-information"],"master_pages":[],"image_sizes":["full","large","medium","medium_large","post-thumbnail","thumbnail"],"custom_funcs":["echo $myvideo_code = wp_oembed_get( 'https://youtube.com/videourl')","echo do_shortcode( '[myshortcodehere]');","the_archive_title()"],"block_categories":["custom-blocks"]},"recent-classes":["content-sidebar__content","layout-grid__content-sidebar","contact-form__status-message--success","contact-form__submit-button-wrapper","contact-form__message-wrapper","contact-form__subject-wrapper","contact-form__email-wrapper","contact-form__name-wrapper","contact-form","screen-reader-text","layout__y-padding--page","layout__page-padding--y","sidebar__content-wrapper","layout__single-container","header-content-sidebar__header","article-card__content-wrapper","break-hyphenate","article-card-listitem","article-card__image-wrapper","content-sidebar__sidebar","sidebar__tag-wrapper","sidebar__category-wrapper","mobile-menu","main-menu__list","mobile-menu__trigger","mobile-menu__trigger-lines","site-footer","site-header","layout__constrained","layout__x-padding","header__layout-grid","global-x-padding","layout-constrained","footer__innerwrapper","main__innerwrapper","header__innerwrapper","contained","site-main"],"cs-for-overrides":"css/blocks.css","breakpoints":["320px","768px","1024px","1280px","1440px","1600px"],"wp-files":{"":"true","css/employee-grid.css":"true","css":"true","css/blocks.css":"true"},"wp-export-loopback":"0","frameworks":["nocodetheme-final","pg.svg.lib","pg.asset.manager","pg.project.items","pg.ia.lib","pg.code-validator","pg.image.overlay","pg.insight.events","pg.css.grid","pg.ia","wordpress.pinegrow","pg.html","pg.components"]}